SKU,Section
SKU022.OR,Section 5
SKU023.OR,Section 3
SKU229-R.OR,Section 3
SKU361.OR,Section 2
SKU393-G.OR,Section 5
SKU434.OR,Section 3
SKU448.OR,Section 3
SKU465.OR,Section 4
SKU467.OR,Section 2
SKU484.OR,Section 4
SKU488.OR,Section 3
SKU10-3.RM,Section 6
SKU10-4.RM,Section 6
SKU541.OR,Section 4
SKU559.PF,Section 5
SKU587.OR,Section 3
SKU899-P.OR,Section 1
SKU899-B.OR,Section 1
SKU610.OR,Section 5
SKU10-5.RM,Section 6
SKU1018-3.OR,Section 6
SKU1018-4.OR,Section 6
SKU638.OR,Section 4
SKU640.OR,Section 4
SKU641-RED.OR,Section 5
SKU652.OR,Section 3
SKU796-P.OR,Section 1
SKU705.OR,Section 2
SKU712-Biege.OR,Section 5
SKU712-Black.OR,Section 5
SKU712-Brown.OR,Section 5
SKU723.OR,Section 3
SKU724-A (green).OR,Section 3
SKU724- A (Burgundy).OR,Section 3
SKU724-Blue.OR,Section 3
SKU782.OR,Section 3
SKU788.OR,Section 4
SKU789.OR,Section 3
SKU790.OR,Section 4
SKU792.OR,Section 2
SKU807.OR,Section 1
SKU807-1.OR,Section 1
SKU807-2.OR,Section 1
SKU811.OR,Section 5
SKU812.OR,Section 3
SKU813.OR,Section 5
SKU815.OR,Section 5
SKU816-RED.OR,Section 5
SKU821.OR,Section 2
SKU822.OR,Section 2
SKU1018-5.OR,Section 6
SKU1018-6.OR,Section 6
SKU835.OR,Section 3
SKU836.OR,Section 3
SKU836-Print.OR,Section 3
SKU848.OR,Section 5
SKU849.OR,Section 4
SKU854.OR,Section 4
SKU856.OR,Section 5
SKU863.OR,Section 4
SKU870.OR,Section 4
SKU871.OR,Section 4
SKU873.OR,Section 4
SKU906.OR,Section 5
SKU909-ELEPHANT.OR,Section 5
SKU909-GIRAFFE.OR,Section 5
SKU909-LION.OR,Section 5
SKU909-PANDA.OR,Section 5
SKU909-TIGER.OR,Section 5
SKU909-ZEBRA.OR,Section 5
SKU914.OR,Section 4
SKU917.OR,Section 5
SKU920.OR,Section 2
SKU921.OR,Section 3
SKU928.OR,Section 3
SKU946.OR,Section 2
SKU1213-3.OR,Section 6
SKU1213-4.OR,Section 6
SKU1213-5.OR,Section 6
SKU995.OR,Section 3
SKU1018.PF,Section 1
SKU1213-6.OR,Section 6
SKU1215-3.OR,Section 6
SKU1215-4.OR,Section 6
SKU1029.OR,Section 4
SKU1034.OR,Section 3
SKU1038.OR,Section 3
SKU1041.OR,Section 5
SKU1046.OR,Section 3
SKU1052.OR,Section 4
SKU1053.OR,Section 4
SKU1054-B.OR,Section 4
SKU1054-G.OR,Section 4
SKU1059.OR,Section 4
SKU1065.OR,Section 4
SKU1066.OR,Section 4
SKU1069.OR,Section 5
SKU1110.OR,Section 5
SKU1143.OR,Section 3
SKU796-B.OR,Section 1
SKU668-P.OR,Section 1
SKU668-B.OR,Section 1
SKU1168.OR,Section 5
SKU1174.OR,Section 4
SKU1210.OR,Section 3
SKU1213-2.OR,Section 2
SKU1215-5.OR,Section 6
SKU1215-6.OR,Section 6
SKU1345-3.OR,Section 6
SKU1345-4.OR,Section 6
SKU1345-5.OR,Section 6
SKU1345-6.OR,Section 6
SKU1219.OR,Section 3
SKU1221.OR,Section 5
SKU1222.OR,Section 5
SKU1230.OR,Section 5
SKU1244-B.OR,Section 4
SKU1245-B.OR,Section 4
SKU600-P.PF,Section 1
SKU600-B.PF,Section 1
SKU1265.OR,Section 3
SKU1266.OR,Section 3
SKU1271.OR,Section 4
SKU1282.OR,Section 3
SKU1290.OR,Section 4
SKU1304.OR,Section 4
SKU1308.OR,Section 3
SKU1310.OR,Section 3
SKU1311.OR,Section 3
SKU1313.OR,Section 3
SKU2920-RG.OR,Section 1
SKU2920-P.OR,Section 1
SKU2920-B.OR,Section 1
SKU2487-RG.OR,Section 1
SKU2487-P.OR,Section 1
SKU1345-2.OR,Section 2
SKU1364-3.OR,Section 6
SKU1364-4.OR,Section 6
SKU1364-5.OR,Section 6
SKU1364-6.OR,Section 6
SKU1346.OR,Section 5
SKU1370.OR,Section 3
SKU1374-print.OR,Section 3
SKU1383.OR,Section 4
SKU1390.OR,Section 3
SKU1391.OR,Section 3
SKU1398.OR,Section 3
SKU1401.OR,Section 3
SKU1408.OR,Section 4
SKU1409.OR,Section 4
SKU1416-SHARK.OR,Section 5
SKU1428.OR,Section 3
SKU1430.OR,Section 3
SKU1438.OR,Section 5
SLU1440.OR,Section 4
SKU1447.OR,Section 2
SKU1448.OR,Section 2
SKU1458.OR,Section 4
SKU1464.OR,Section 4
SKU1365-3.OR,Section 6
SKU1365-4.OR,Section 6
SKU1365-5.OR,Section 6
SKU1475.OR,Section 4
SKU1477.OR,Section 4
SKU1478-H.OR,Section 3
SKU1481.OR,Section 5
SKU1488-B.OR,Section 4
SKU1488-P.OR,Section 4
SKU1488-R.OR,Section 4
SKU2487-B.OR,Section 1
SKU2393-P.OR,Section 1
SKU1498.OR,Section 1
SKU1498-print.OR,Section 1
SKU1500.OR,Section 1
SKU1365-6.OR,Section 6
SKU1527-2.OR,Section 2
SKU1432-3.OR,Section 6
SKU1432-4.OR,Section 6
SKU1432-5.OR,Section 6
SKU1529.OR,Section 3
SKU1534.OR,Section 4
SKU1535.OR,Section 4
SKU1537.OR,Section 4
SKU1538.OR,Section 4
SKU1547.OR,Section 5
SKU1550-G.OR,Section 3
SKU1551.OR,Section 3
SKU1554-G.OR,Section 4
SKU1554-B.OR,Section 4
SKU1555.OR,Section 4
SKU1557-B.OR,Section 4
SKU1557-G.OR,Section 4
SKU1564.OR,Section 4
SKU1567.OR,Section 3
SKU1568.OR,Section 3
SKU1569.OR,Section 3
SKU1445-3.OR,Section 6
SKU1445-4.OR,Section 6
SKU1445-5.OR,Section 6
SKU1445-6.OR,Section 6
SKU1470-3.OR,Section 6
SKU2393-B.OR,Section 1
SKU2114-P.OR,Section 1
SKU1577.OR,Section 3
SKU1578.OR,Section 3
SKU1579.OR,Section 5
SKU1592.OR,Section 2
SKU1597.OR,Section 3
SKU1602-2.OR,Section 2
SKU1470-4.OR,Section 6
SKU1470-5.OR,Section 6
SKU1470AA-3.OR,Section 6
SKU1604-2.OR,Section 2
SKU1470AA-4.OR,Section 6
SKU1470AA-5.OR,Section 6
SKU1470AA-6.OR,Section 6
SKU1611-2.OR,Section 2
SKU1520.OR,Section 6
SKU1523-3.OR,Section 6
SKU1523-4.OR,Section 6
SKU1523-5.OR,Section 6
SKU1618.OR,Section 4
SKU1620.OR,Section 4
SKU1621.OR,Section 4
SKU1629.OR,Section 3
SKU1630.OR,Section 3
SKU1631.OR,Section 4
SKU1632.OR,Section 4
SKU2114-B.OR,Section 1
SKU1920-RG.OR,Section 1
SKU1920-P.OR,Section 1
SKU1652.OR,Section 5
SKU1661.OR,Section 4
SKU1671.OR,Section 3
SKU1672.OR,Section 3
SKU1523-6.OR,Section 6
SKU1527-3.OR,Section 6
SKU1684.OR,Section 4
SKU1686.OR,Section 4
SKU1695.OR,Section 4
SKU1697.OR,Section 3
SKU1698.OR,Section 3
SKU1699.OR,Section 3
SKU1708-Blk.OR,Section 4
SKU1708-Brw.OR,Section 4
SKU1708-Gry.OR,Section 4
SKU1708-Ylw.OR,Section 4
SKU1711.OR,Section 3
SKU1920-B.OR,Section 1
SKU1917-P.OR,Section 1
SKU1917-B.OR,Section 1
SKU1725.OR,Section 4
SKU1727.OR,Section 4
SKU1915-GG.OR,Section 1
SKU1915-GB.OR,Section 1
SKU1915-BB.OR,Section 1
SKU1915-A-G.OR,Section 1
SKU1915-A-BG.OR,Section 1
SKU1915-A-B.OR,Section 1
SKU1847-RG.OR,Section 1
SKU1847-P.OR NEW,Section 1
SKU1847-P.OR_NEW,Section 1
SKU1847-P.OR,Section 1
SKU1751-B.OR,Section 4
SKU1751-G.OR,Section 4
SKU1756.OR,Section 4
SKU1763-RED.OR,Section 4
SKU1763-WHITE.OR,Section 4
SKU1789-2.OR,Section 2
SKU1527-4.OR,Section 6
SKU1527-5.OR,Section 6
SKU1527-6.OR,Section 6
SKU1527-7.OR,Section 6
SKU1527-8.OR,Section 6
SKU1570-10.OR,Section 6
SKU1570-11.OR,Section 6
SKU1570-12.OR,Section 6
SKU1570-3.OR,Section 6
SKU1801.OR,Section 4
SKU1804.OR,Section 3
SKU1809-F.OR,Section 3
SKU1809-M.OR,Section 3
SKU1814.OR,Section 3
SKU1815.OR,Section 3
SKU1816.OR,Section 3
SKU1820-B.OR,Section 4
SKU1820-G.OR,Section 4
SKU1835.OR,Section 4
SKU1838.OR,Section 4
SKU1847-B.OR,Section 1
SKU1846-RG.OR,Section 1
SKU1846-P.OR,Section 1
SKU1846-B.OR,Section 1
SKU1746-RG.OR,Section 1
SKU1746-P.OR,Section 1
SKU1854.OR,Section 4
SKU1860.OR,Section 5
SKU1570-4.OR,Section 6
SKU1570-5.OR,Section 6
SKU1570-6.OR,Section 6
SKU1871-B.OR,Section 4
SKU1871-G.OR,Section 4
SKU1872-2.OR,Section 2
SKU1570-7.OR,Section 6
SKU1570-8.OR,Section 6
SKU1570-9.OR,Section 6
SKU160-3.RM,Section 6
SKU1879.OR,Section 2
SKU1880.OR,Section 2
SKU1884.OR,Section 2
SKU1894.OR,Section 3
SKU1898.OR,Section 2
SKU1907.OR,Section 5
SKU1909-2.OR,Section 2
SKU160-4.RM,Section 6
SKU160-5.RM,Section 6
SKU160-6.RM,Section 6
SKU160-7.RM,Section 6
SKU160-8.RM,Section 6
SKU160-9.RM,Section 6
SKU1602.OR,Section 6
SKU1602-3.OR,Section 6
SKU1914.OR,Section 3
SKU1746-B.OR,Section 1
SKU1742-RG.OR,Section 1
SKU1742-P.OR,Section 1
SKU1742-B.OR,Section 1
SKU1738-RG.OR,Section 1
SKU1738-P.OR,Section 1
SKU1933.OR,Section 4
SKU1938.OR,Section 3
SKU1942.OR,Section 4
SKU1947.OR,Section 4
SKU1957-B.OR,Section 4
SKU1957-G.OR,Section 4
SKU1958-B.OR,Section 4
SKU1959-B.OR,Section 4
SKU1959-G.OR,Section 4
SKU1602-4.OR,Section 6
SKU1602-5.OR,Section 6
SKU1602-6.OR,Section 6
SKU1603.OR,Section 6
SKU1604.OR,Section 6
SKU1604-10.OR,Section 6
SKU1604-3.OR,Section 6
SKU1604-4.OR,Section 6
SKU1604-5.OR,Section 6
SKU2032-2.OR,Section 2
SKU1604-6.OR,Section 6
SKU1604-7.OR,Section 6
SKU1604-8.OR,Section 6
SKU1604-9.OR,Section 6
SKU1738-B.OR,Section 1
SKU1736-P.OR,Section 1
SKU2120.OR,Section 4
SKU2182.OR,Section 1
SKU2182-1.OR,Section 1
SKU2182-2.OR,Section 1
SKU2218.OR,Section 4
SKU2220-2.OR,Section 2
SKU1605.OR,Section 6
SKU1606.OR,Section 6
SKU1609-3.RM,Section 6
SKU1609-4.RM,Section 6
SKU2222-M.OR,Section 3
SKU2225.OR,Section 4
SKU2234.OR,Section 1
SKU2240.OR,Section 5
SKU2243.OR,Section 5
SKU2244.OR,Section 5
SKU2246.OR,Section 5
SKU1609-5.RM,Section 6
SKU1611-3.OR,Section 6
SKU1611-4.OR,Section 6
SKU1611-5.OR,Section 6
SKU2264.OR,Section 4
SKU2265.OR,Section 4
SKU2275.OR,Section 4
SKU2283.OR,Section 4
SKU2287.OR,Section 4
SKU2294.OR,Section 4
SKU2301.OR,Section 3
SKU2302.OR,Section 5
SKU2306.OR,Section 4
SKU2313.OR,Section 3
SKU2345.OR,Section 2
SKU2346.OR,Section 2
SKU2357.OR,Section 2
SKU2358.OR,Section 2
SKU2387.OR,Section 4
SKU1736-B.OR,Section 1
SKU2394.OR,Section 3
SKU2432.OR,Section 2
SKU2461-2.OR,Section 2
SKU1611-6.OR,Section 6
SKU1673-3.OR,Section 6
SKU1673-4.OR,Section 6
SKU2463-2.OR,Section 2
SKU1673-5.OR,Section 6
SKU1673-6.OR,Section 6
SKU1681-3.RM,Section 6
SKU1681-4.RM,Section 6
SKU1732-P.OR,Section 1
SKU1732-B.OR,Section 1
SKU1715-R.OR,Section 1
SKU2494.OR,Section 5
SKU2495.OR,Section 5
SKU2512.OR,Section 2
SKU2521.OR,Section 4
SKU2522.OR,Section 4
SKU2523.OR,Section 4
SKU2524.OR,Section 4
SKU2528.OR,Section 4
SKU2529.OR,Section 4
SKU2532.OR,Section 4
SKU2533.OR,Section 4
SKU2534.OR,Section 4
SKU2552.OR,Section 3
SKU2572.OR,Section 4
SKU2581.OR,Section 4
SKU2642.OR,Section 4
SKU2662-2.OR,Section 2
SKU1681-5.RM,Section 6
SKU1681BD-3.RM,Section 6
SKU1681BD-4.RM,Section 6
SKU1681BD-5.RM,Section 6
SKU2693.OR,Section 5
SKU2704.OR,Section 3
SKU2710.OR,Section 2
SKU2743.OR,Section 3
SKU2780-S.OR,Section 4
SKU2781.OR,Section 4
SKU2799.OR,Section 4
SKU2821.OR,Section 4
SKU1715-P.OR,Section 1
SKU1715-B.OR,Section 1
SKU1710G.RM,Section 1
SKU2962.OR,Section 4
SKU2963-B.OR,Section 4
SKU2963-G.OR,Section 4
SKU2964.OR,Section 4
SKU2968.OR,Section 3
SKU2973.OR,Section 3
SKU2984.OR,Section 4
SKU2985.OR,Section 4
SKU2986.OR,Section 4
SKU2987.OR,Section 4
SKU3007.OR,Section 5
SKU3008.OR,Section 4
SKU3013.OR,Section 5
SKU3017.OR,Section 3
SKU3018.OR,Section 3
SKU3038.OR,Section 3
SKU3046.OR,Section 3
SKU3050.OR,Section 2
SKU3053.OR,Section 3
SKU1789-3.OR,Section 6
SKU16.RM,Section 3
SKU18.RM,Section 2
SKU21.RM,Section 3
SKU30.RM,Section 4
SKU31.RM,Section 4
SKU33.RM,Section 3
SKU34.RM,Section 4
SKU35.RM,Section 4
SKU36.RM,Section 4
SKU37.RM,Section 4
SKU38.RM,Section 4
SKU53.RM,Section 3
SKU58.RM,Section 3
SKU59.RM,Section 4
SKU60.RM,Section 4
SKU75.RM,Section 2
SKU170.HH,Section 4
SKU175.HH,Section 4
SKU181.HH,Section 3
SKU197HH.RM,Section 4
SKU111.RM,Section 4
SKU115.RM,Section 3
SKU130.RM,Section 4
SKU133.RM,Section 4
SKU134.RM,Section 5
SKU152.RM,Section 4
SKU154.RM,Section 4
SKU161.RM,Section 3
SKU162.RM,Section 3
SKU174.RM,Section 3
SKU205.RM,Section 4
SKU206.RM,Section 3
SKU221.RM,Section 4
SKU232.RM,Section 4
SKU233.RM,Section 4
SKU241.RM,Section 3
SKU24-2.RM,Section 2
SKU1789-4.OR,Section 6
SKU1789-5.OR,Section 6
SKU1789-6.OR,Section 6
SKU1789-7.OR,Section 6
SKU276.RM,Section 3
SKU285.RM,Section 3
SKU294.RM,Section 3
SKU296.RM,Section 4
SKU301.RM,Section 5
SKU302.RM,Section 3

SKU308.RM,Section 3
SKU313.RM,Section 5
RM313,Section 5
SKU314.RM,Section 4
SKU364W.RM,Section 2
SKU382.RM,Section 2
SKU442.RM,Section 4
SKU550B.RM,Section 5
SKU550C.RM,Section 5
SKU550Y.RM,Section 5
SKU551.RM,Section 5
SKU554.RM,Section 5
SKU555.RM,Section 5
SKU556.RM,Section 5
SKU557.RM,Section 5
SKU558.RM,Section 5
SKU566.RM,Section 5
SKU573.RM,Section 5
SKU574.RM,Section 5
SKU576.RM,Section 5
SKU581.RM,Section 5
SKU591.RM,Section 5
SKU592.RM,Section 5
SKU605.RM,Section 4
SKU606.RM,Section 4
SKU629.RM,Section 4
SKU729.RM,Section 2
SKU736BB.RM,Section 4
SKU736GB.RM,Section 4
SKU750RB.RM,Section 4
SKU750RY.RM,Section 4
SKU751RB.RM,Section 4
SKU751RY.RM,Section 4
SKU759B.RM,Section 4
SKU783.RM,Section 4
SKU80.RM,Section 2
SKU81.RM,Section 3
SKU820.RM,Section 3
SKU1789-8.OR,Section 6
SKU92.RM,Section 4
SKU947-1.RM,Section 6
SKU951.RM,Section 5
SKU970.RM,Section 4
SKU1505.RM,Section 6
SKU1632-BROWN.RM,Section 2
SKU1632BK.RM,Section 2
SKU1663.RM,Section 4
SKU1664.RM,Section 4
SKU1676B.RM,Section 4
SKU1676G.RM,Section 4
SKU1676R.RM,Section 4
SKU1789-9.OR,Section 6
SKU1791-1.OR,Section 6
SKU1791-2.OR,Section 6
SKU1791-3.OR,Section 6
SKU1792-1.OR,Section 6
SKU1792-2.OR,Section 6
SKU1691.RM,Section 5
SKU1700.RM,Section 3
SKU1701.RM,Section 3
SKU1702.RM,Section 3
SKU1703.RM,Section 3
SKU1820.RM,Section 4
SKU1825.RM,Section 4
SKU1870.RM,Section 4
SKU1875.RM,Section 4
SKU1938B.RM,Section 4
SKU1938G.RM,Section 4
SKU1948.RM,Section 3
SKU2102.RM,Section 4
SKU2504S.RM,Section 4
SKU2564.RM,Section 5
SKU1710B.RM,Section 1
SKU1643-P/Print.OR,Section 1
SKU1643-P.OR,Section 1
SKU1374.OR,Section 3
SKU15634.OR,Section 4
SKU1792-3.OR,Section 6
SKU1868-3.OR,Section 6
SKU1868-4.OR,Section 6
SKU1868-5.OR,Section 6
SKU1868-6.OR,Section 6
SKU1632-BK.RM,Section 2
SKU1632-BRW.RM,Section 2
SKU1643-B.OR,Section 1
SKU1641-P.OR,Section 1
SKU1644.RM,Section 2
SKU1683.OR,Section 4
SKU1708-A.OR,Section 4
SKU1872-3.OR,Section 6
SKU1641-B.OR,Section 1
SKU1573-P.OR,Section 1
SKU1573-B.OR,Section 1
SKU197HH.RM,Section 4
SKU494.OR,Section 2
SKU641-R.OR,Section 5
SKU712-BEIGE.OR,Section 5
SKU724-A.OR,Section 3
SKU816-R.OR,Section 5
SKU909-A.OR_EL,Section 5
SKU1593.OR,Section 3
SKU850.OR,Section 3
SKU1872-4.OR,Section 6
SKU1872-5.OR,Section 6
SKU1872-6.OR,Section 6
SKU101.RM,Section 3
SKU1018-2.OR,Section 2
SKU1872-7.OR,Section 6
SKU1019.OR,Section 4
SKU1036.OR,Section 3
SKU104.RM,Section 3
SKU1042.OR,Section 3
SKU1043.OR,Section 5
SKU1048.PF,Section 5
SKU1062.OR,Section 4
SKU1502-P.OR,Section 1
SKU1109.OR,Section 5
SKU1144.OR,Section 3
SKU1145.PF,Section 5
SKU1147.OR,Section 5
SKU1502-B.OR,Section 1
SKU1496-P.OR,Section 1
SKU1183-A.OR_Blue,Section 2
SKU1187.OR,Section 3
SKU1188.OR,Section 3
SKU1211.OR,Section 3
SKU1215-2.OR,Section 2
SKU1872-8.OR,Section 6
SKU1909-3.OR,Section 6
SKU1223.OR,Section 3
SKU1225.OR,Section 4
SKU1228.OR,Section 4
SKU1229.OR,Section 5
SKU1496-B.OR,Section 1
SKU1493-P.OR,Section 1
SKU1493-B.OR,Section 1
SKU1233.OR,Section 3
SKU1425-P.OR,Section 1
SKU1425-B.OR,Section 1
SKU1238.OR,Section 4
SKU1239.OR,Section 4
SKU1240.OR,Section 4
SKU1241.OR,Section 4
SKU1242-B.OR,Section 4
SKU1242-G.OR,Section 4
SKU1243-B.OR,Section 4
SKU1243-G.OR,Section 4
SKU1244-G.OR,Section 4
SKU1246-B.OR,Section 4
SKU1246-G.OR,Section 4
SKU1249.OR,Section 4
SKU1256.OR,Section 3
SKU1257.OR,Section 3
SKU1259.OR,Section 2
SKU127.HH,Section 4
SKU1274.OR,Section 3
SKU1283.PF,Section 3
SKU1288.OR,Section 3
SKU1293.OR,Section 4
SKU13.HH,Section 3
SKU1314.OR,Section 4
SKU1318.OR,Section 2
SKU1321.OR,Section 3
SKU1336-P.OR,Section 5
SKU1424-RG.OR,Section 1
SKU1424-P.OR,Section 1
SKU1348.OR,Section 5
SKU1349.OR,Section 4
SKU1354.OR,Section 2
SKU1356.OR,Section 2
SKU1357.OR,Section 2
SKU1364-2.OR,Section 2
SKU1909-4.OR,Section 6
SKU1909-5.OR,Section 6
SKU1909-6.OR,Section 6
SKU1910-3.OR,Section 6
SKU1365-2.OR,Section 2
SKU1910-4.OR,Section 6
SKU1910-5.OR,Section 6
SKU1910-6.OR,Section 6
SKU1911-2.OR,Section 6
SKU1373.OR,Section 3
SKU1379.OR,Section 4
SKU138.RM,Section 4
SKU1381.OR,Section 4
SKU1382.OR,Section 4
SKU1393.OR,Section 2
SKU1403.OR,Section 5
SKU1404.PF,Section 5
SKU1411.OR,Section 4
SKU1412.OR,Section 4
SKU1414.OR,Section 3
SKU1415.OR,Section 4
SKU1423.PF,Section 5
SKU1424-B.OR,Section 1
SKU1339-P.OR,Section 1
SKU1339-B.OR,Section 1
SKU1331-P.OR,Section 1
SKU1331-B.OR,Section 1
SKU1431.OR,Section 3
SKU1431Y.RM,Section 5
SKU1432-2.OR,Section 2
SKU1911-3.OR,Section 6
SKU1911-4.OR,Section 6
SKU1911-5.OR,Section 6
SKU1439.OR,Section 5
SKU1445-2.OR,Section 2
SKU1911-6.OR,Section 6
SKU1914-3.OR,Section 6
SKU1914-4.OR,Section 6
SKU1914-5.OR,Section 6
SKU1459.RM,Section 3
SKU1462.OR,Section 5
SKU1463.OR,Section 3
SKU1467.OR,Section 3
SKU1468.OR,Section 3
SKU1470-2.OR,Section 2
SKU1470AA-2.OR,Section 2
SKU1914-6.OR,Section 6
SKU1952-3.RM,Section 6
SKU1952-4.RM,Section 6
SKU1952-5.RM,Section 6
SKU1474.OR,Section 3
SKU1476.RM,Section 3
SKU1478-A.OR,Section 3
SKU1479.OR,Section 3
SKU148.RM,Section 4
SKU1480.OR,Section 3
SKU1482.OR,Section 5
SKU1485.OR,Section 4
SKU1486.OR,Section 4
SKU1487-F.OR,Section 4
SKU1487-M.OR,Section 4
SKU1488-G.OR,Section 4
SKU1490.OR,Section 1
SKU1491.OR,Section 1
SKU1330-RG.OR,Section 1
SKU1330-P.OR,Section 1
SKU150.RM,Section 4
SKU1330-B.OR,Section 1
SKU1252-P.OR,Section 1
SKU1508.OR,Section 2
SKU1510.OR,Section 3
SKU1512.OR,Section 3
SKU1513.OR,Section 3
SKU1515.OR,Section 3
SKU1516.OR,Section 3
SKU1518.OR,Section 3
SKU1519.OR,Section 3
SKU1952-6.RM,Section 6
SKU1969-3.OR,Section 6
SKU1969-4.OR,Section 6
SKU1969-5.OR,Section 6
SKU2026-3.OR,Section 6
SKU2026-4.OR,Section 6
SKU2026-5.OR,Section 6
SKU1528.OR,Section 3
SKU153.RM,Section 4
SKU1530.OR,Section 3
SKU1531-WINE3.OR,Section 4
SKU1532.OR,Section 4
SKU1536.OR,Section 4
SKU1539.OR,Section 4
SKU1542.OR,Section 4
SKU1543.OR,Section 4
SKU1544.OR,Section 4
SKU1546.OR,Section 4
SKU1549-F.OR,Section 3
SKU1549-M.OR,Section 3
SKU1550-B.OR,Section 3
SKU1556-B.OR,Section 4
SKU1556-G.OR,Section 4
SKU1560.OR,Section 4
SKU2026-6.OR,Section 6
SKU2030-3.OR,Section 6
SKU2030-4.OR,Section 6
SKU1570-2.OR,Section 2
SKU2030-5.OR,Section 6
SKU2030-6.OR,Section 6
SKU1581.OR,Section 4
SKU159.HH,Section 4
SKU1591.PF,Section 2
SKU1595.OR,Section 3
SKU1598.OR,Section 3
SKU1599.OR,Section 3
SKU2032-3.OR,Section 6
SKU2032-4.OR,Section 6
SKU2032-5.OR,Section 6
SKU2032-6.OR,Section 6
SKU2220-3.OR,Section 6
SKU2220-4.OR,Section 6
SKU2220-5.OR,Section 6
SKU2220-6.OR,Section 6
SKU2221-3.OR,Section 6
SKU2221-4.OR,Section 6
SKU2221-5.OR,Section 6
SKU2221-6.OR,Section 6
SKU1609-2.RM,Section 2
SKU2255-3.OR,Section 6
SKU2255-4.OR,Section 6
SKU2255-5.OR,Section 6
SKU1622.RM,Section 4
SKU1627.OR,Section 4
SKU1634.OR,Section 4
SKU1635.OR,Section 3
SKU1653.RM,Section 4
SKU1654.OR,Section 4
SKU1655-BS.OR,Section 4
SKU1665.OR,Section 2
SKU1673-2.OR,Section 2
SKU2256-3.OR,Section 6
SKU2256-4.OR,Section 6
SKU1685.OR,Section 4
SKU1694.RM,Section 5
SKU1696.OR,Section 4
SKU17.RM,Section 3
SKU1705.RM,Section 3
SKU1708B.RM,Section 3
SKU1710-WO.PF,Section 5
SKU1252-B.OR,Section 1
SKU1237G.RM,Section 1
SKU1717.PF,Section 5
SKU1721.OR,Section 2
SKU1723.OR,Section 2
SKU1724.OR,Section 4
SKU1726-WO.OR,Section 4
SKU1726.OR,Section 3
SKU1237B.RM,Section 1
SKU1232.RM,Section 1
SKU122GW.RM,Section 1
SKU1739.OR,Section 3
SKU122BW.RM,Section 1
SKU1175-P.OR,Section 1
SKU1754.OR,Section 2
SKU1762.OR,Section 5
SKU1763-BLUE.OR,Section 4
SKU1763-GREY.OR,Section 4
SKU1765.PF,Section 3
SKU1770.RM,Section 4
SKU1782.OR,Section 5
SKU179.RM,Section 5
SKU2256-5.OR,Section 6
SKU2256-6.OR,Section 6
SKU2261-3.OR,Section 6
SKU2261-4.OR,Section 6
SKU1795.OR,Section 4
SKU1805.OR,Section 3
SKU1806.OR,Section 3
SKU1808.OR,Section 3
SKU1821.OR,Section 4
SKU1823.OR,Section 4
SKU1824.OR,Section 4
SKU1828-A.OR-P,Section 4
SKU1828.OR-R,Section 4
SKU1831-B.OR,Section 4
SKU1831-G.OR,Section 4
SKU1834.OR,Section 2
SKU1836.OR,Section 4
SKU1837.OR,Section 4
SKU1850-LLAMA.OR,Section 5
SKU1851-DOLPHIN.OR,Section 5
SKU1851-ORCA.OR,Section 5
SKU1852-R.OR,Section 3
SKU1859.OR,Section 3
SKU1865.OR,Section 4
SKU1866.OR,Section 4
SKU1868-2.OR,Section 2
SKU2261-5.OR,Section 6
SKU2261-6.OR,Section 6
SKU1873.OR,Section 3
SKU1877.RM,Section 4
SKU1878.RM,Section 4
SKU188.RM,Section 3
SKU1885.OR,Section 4
SKU1886.OR,Section 4
SKU1896.OR,Section 4
SKU1899.PF,Section 5
SKU1910-2.OR,Section 2
SKU2351.OR,Section 6
SKU2380-3.OR,Section 6
SKU2380-4.OR,Section 6
SKU2380-5.OR,Section 6
SKU2380-6.OR,Section 6
SKU1914-2.OR,Section 2
SKU24-3.RM,Section 6
SKU24-4.RM,Section 6
SKU24-5.RM,Section 6
SKU24-6.RM,Section 6
SKU1916.OR,Section 2
SKU1175-B.OR,Section 1
SKU1166-GG.OR,Section 1
SKU1918.OR,Section 4
SKU1925.RM,Section 4
SKU1930-B.OR,Section 4
SKU1930-G.OR,Section 4
SKU1930.RM,Section 3
SKU1931.OR,Section 4
SKU1943.OR,Section 4
SKU2461-3.OR,Section 6
SKU2461-4.OR,Section 6
SKU2461-5.OR,Section 6
SKU2463-3.OR,Section 6
SKU1958-G.OR,Section 4
SKU1960.RM,Section 3
SKU1961.RM,Section 3
SKU1966.OR,Section 4
SKU1969-2.OR,Section 2
SKU2463-4.OR,Section 6
SKU2463-5.OR,Section 6
SKU1985.RM,Section 5
SKU199.RM,Section 3
SKU200023.OR,Section 5
SKU2026-2.OR,Section 2
SKU204.RM,Section 4
SKU2084.RM,Section 2
SKU213.RM,Section 3
SKU2192.OR,Section 4
SKU2463-6.OR,Section 6
SKU2662-3.OR,Section 6
SKU2662-4.OR,Section 6
SKU2662-5.OR,Section 6
SKU2221-2.OR,Section 2
SKU2255-2.OR,Section 2
SKU2662-6.OR,Section 6
SKU407.RM,Section 6
SKU529-2.OR,Section 6
SKU2256-2.OR,Section 2
SKU529-3.OR,Section 6
SKU529-4.OR,Section 6
SKU529-5.OR,Section 6
SKU529-6.OR,Section 6
SKU2258-2.OR,Section 2
SKU226.RM,Section 3
SKU2261-2.OR,Section 2
SKU229-G.OR,Section 3
SKU2297.OR,Section 3
SKU231.OR,Section 4
SKU529-7.OR,Section 6
SKU2356.OR,Section 5
SKU237.RM,Section 3
SKU529-8.OR,Section 6
SKU529-9.OR,Section 6
SKU6-3.RM,Section 6
SKU6-4.RM,Section 6
SKU2390.OR,Section 2
SKU2391.OR,Section 2
SKU1166-GB.OR,Section 1
SKU249.RM,Section 3
SKU251.RM,Section 4
SKU2542.OR,Section 3
SKU2576.OR,Section 4
SKU259.RM,Section 5
SKU265.RM,Section 3
SKU273.RM,Section 4
SKU278.RM,Section 3
SKU279.RM,Section 3
SKU28.RM,Section 5
SKU283.OR,Section 2
SKU290.RM,Section 4
SKU309B.RM,Section 3
SKU309G.RM,Section 3
SKU312.RM,Section 3
SKU315.RM,Section 2
SKU319.RM,Section 3
SKU32.RM,Section 4
SKU320.RM,Section 3
SKU321.RM,Section 3
SKU322.RM,Section 3
SKU325.OR,Section 3
SKU326.RM,Section 3
SKU327.RM,Section 3
SKU328.RM,Section 3
SKU329.RM,Section 3
SKU330.RM,Section 3
SKU334.RM,Section 3
SKU335.RM,Section 3
SKU336.RM,Section 3
SKU337.RM,Section 3
SKU340.RM,Section 3
SKU341.RM,Section 3
SKU368.OR,Section 4
SKU36B.RM,Section 3
SKU39.RM,Section 4
SKU393-R.OR,Section 5
SKU6-5.RM,Section 6
SKU420.RM,Section 3
SKU422.OR,Section 4
SKU426.RM,Section 4
SKU427.RM,Section 4
SKU440.RM,Section 3
SKU449.OR,Section 3
SKU46.RM,Section 4
SKU471.OR,Section 3
SKU490.RM,Section 3
SKU510-R.OR,Section 4
SKU52.RM,Section 4
SKU523-2.OR,Section 2
SKU6-6.RM,Section 6
SKU6-7.RM,Section 6
SKU629-3.OR,Section 6
SKU629-4.OR,Section 6
SKU629-5.OR,Section 6
SKU629-6.OR,Section 6
SKU537.OR,Section 4
SKU553BK.RM,Section 5
SKU57.RM,Section 4
SKU571.RM,Section 5
SKU580.OR,Section 4
SKU582.OR,Section 4
SKU585.RM,Section 5
SKU589.RM,Section 5
SKU6-2.RM,Section 2
SKU629-7.OR,Section 6
SKU629-8.OR,Section 6
SKU629-9.OR,Section 6
SKU707-3.RM,Section 6
SKU707-4.RM,Section 6
SKU612.RM,Section 2
SKU614.RM,Section 4
SKU629-2.OR,Section 2
SKU707-5.RM,Section 6
SKU712.RM,Section 6
SKU823-3.OR,Section 6
SKU823-4.OR,Section 6
SKU636.RM,Section 4
SKU637.RM,Section 4
SKU641.RM,Section 3
SKU654.OR,Section 3
SKU666.OR,Section 5
SKU667.OR,Section 4
SKU667B.RM,Section 3
SKU667Y.RM,Section 3
SKU1166-G.OR,Section 1
SKU668B.RM,Section 3
SKU668Y.RM,Section 3
SKU67.RM,Section 3
SKU69.RM,Section 3
SKU707-2.RM,Section 2
SKU823-5.OR,Section 6
SKU823-6.OR,Section 6
SKU823-7.OR,Section 6
SKU823-8.OR,Section 6
SKU714.OR,Section 3
SKU715.OR,Section 3
SKU717.RM,Section 4
SKU733.OR,Section 4
SKU738B.RM,Section 4
SKU746.RM,Section 3
SKU760B.RM,Section 4
SKU761B.RM,Section 4
SKU762.RM,Section 4
SKU766B.RM,Section 4
SKU767B.RM,Section 4
SKU77.RM,Section 5
SKU772.RM,Section 4
SKU774BKB.RM,Section 4
SKU774BLB.RM,Section 4
SKU774RB.RM,Section 4
SKU775B.RM,Section 4
SKU786.RM,Section 4
SKU79.RM,Section 4
SKU790Y.RM,Section 3
SKU791B.RM,Section 3
SKU791Y.RM,Section 3
SKU793.RM,Section 4
SKU1166-BG.OR,Section 1
SKU1166-BB.OR,Section 1
SKU807-3.OR,Section 1
SKU807B.RM,Section 2
SKU808.OR,Section 5
SKU814-R.OR,Section 5
SKU816-A.OR_O,Section 5
SKU818.OR,Section 2
SKU823-2.OR,Section 2
SKU823-9.OR,Section 6
SKU827-2.OR,Section 6
SKU827-4.OR,Section 6
SKU827-5.OR,Section 6
SKU827-6.OR,Section 6
SKU827-7.OR,Section 6
SKU827-3.OR,Section 2
SKU827-8.OR,Section 6
SKU84.RM,Section 6
SKU938.RM,Section 6
SKU965-3.OR,Section 6
SKU965-4.OR,Section 6
SKU841-A.OR_CO,Section 5
SKU842.RM,Section 4
SKU851.RM,Section 4
SKU852.OR,Section 3
SKU853.OR,Section 3
SKU861.OR,Section 4
SKU862B.RM,Section 4
SKU864.OR,Section 5
SKU866.RM,Section 4
SKU867.RM,Section 4
SKU872.OR,Section 4
SKU873B.RM,Section 4
SKU874.OR,Section 4
SKU877.RM,Section 3
SKU878.OR,Section 4
SKU879.OR,Section 4
SKU88.HH,Section 5
SKU880.OR,Section 4
SKU888.RM,Section 4
SKU889.RM,Section 4
SKU1166-B.OR,Section 1
SKU1097.OR,Section 1
SKU905.OR,Section 2
SKU907.OR,Section 3
SKU91.RM,Section 4
SKU919.RM,Section 2
SKU927.OR,Section 4
SKU929B.RM,Section 3
SKU931.OR,Section 4
SKU932.PF,Section 3
SKU965-5.OR,Section 6
SKU941.RM,Section 4
SKU943.PF,Section 3
SKU944.RM,Section 3
SKU953.OR,Section 4
SKU955.PF,Section 3
SKU960.PF,Section 2
SKU965-2.OR,Section 2
SKU965-6.OR,Section 6
SKU967-2.OR,Section 2
SKU967-3.OR,Section 6
SKU967-4.OR,Section 6
SKU967-5.OR,Section 6
SKU967-6.OR,Section 6
SKU967-7.OR,Section 6
SKU967-8.OR,Section 6
SKU967-9.OR,Section 6
SKU969-2.OR,Section 2
SKU969-3.OR,Section 6
SKU969-4.OR,Section 6
SKU969-5.OR,Section 6
SKU969-6.OR,Section 6
SKU977.RM,Section 3
SKU999.OR,Section 3
SKY1245-G.OR,Section 4
SKU1440.OR,Section 4
SKU1643-B.OR,Section 1
SKU1643-P.OR,Section 1
SKU1564.OR,Section 4
SKU928.OR_NEW,Section 3
